type,x,y,z,count,comment,image,ytVideo,ytStart,ytEnd
chest_coin,12047.788,-18495.891,-88.484,1) LotsOfCoins10_C,,,,,,
chest_coin,-28836.902,-17914.539,863.571,3) LotsOfCoins10_C,,,,,,
chest_coin,-1655.54,-24717.936,-1480.338,9) LotsOfCoins10_C,,,,,,
chest_coin,-4040,4425,-1315,10) LotsOfCoins15_C,,,,,,
chest_coin,16194.025,-24497.416,1666.862,15) LotsOfCoins10_C,,,,,,
chest_coin,1010.74,-39112.777,248.508,26) LotsOfCoins10_C,,,,,,
chest_coin,-6211.315,8539.528,251.295,30) LotsOfCoins15_C,,,,,,
chest_coin,-473.996,-32485.242,-46.822,34) LotsOfCoins10_C,,,,,,
chest_coin,-22074.646,3515.743,-667.59,42) LotsOfCoins10_C,,,,,,
chest_coin,-23469.713,-22614.807,961.182,48) LotsOfCoins10_C,,,,,,
chest_coin,-35370.547,-24188.359,-996.194,49) LotsOfCoins50_C,,,,,,
chest_coin,-3945.395,-29084.795,1897.469,50) LotsOfCoins15_C,,,,,,
chest_coin,352.684,-19937.205,-2011.921,52) LotsOfCoins10_C,,,,,,
chest_coin,1661.131,-27714.396,-31.195,69) LotsOfCoins5_C,,,,,,
chest_coin,10178.922,15271.824,1750,85) LotsOfCoins50_C,,,,,,
chest_coin,-62130.934,38830.871,1676.817,115) LotsOfCoins30_C,,,,,,
chest_coin,-51927.906,35519.031,3319.46,127) LotsOfCoins30_C,,,,,,
chest_coin,-48130.707,32970.496,3082.763,128) LotsOfCoins50_C,,,,,,
chest_coin,-41244.492,51090.316,1406.19,129) LotsOfCoins50_C,,,,,,
chest_coin,11597.554,23021.52,7051.562,131) LotsOfCoins30_C,,,,,,
chest_coin,9440.512,13356.607,1041.969,132) LotsOfCoins30_C,,,,,,
chest_coin,8059.477,29965.5,6777.466,140) LotsOfCoins50_C,,,,,,
chest_coin,-7380.971,-39476.512,2009.138,141) LotsofCoins200_C,,,,,,
chest_coin,64640.875,-20062.635,12941.917,153) LotsofCoins200_C,,,,,,
coin,6853.951,-27793.926,345.058,1,Coin_C,,,,
coin,6953.515,-27793.926,345.058,1,Coin_C,,,,
coin,7072.051,-27793.926,345.058,1,Coin_C,,,,
coin,7218.019,-27793.926,345.058,1,Coin_C,,,,
coin,7295.666,-27793.926,345.058,1,Coin_C,,,,
coin,7422.856,-27793.926,345.058,1,Coin_C,,,,
coin,22273.07,-24081.582,2194.121,1,Coin_C,,,,
coin,7547.447,-24465.91,-25.558,1,Coin_C,,,,
coin,25961.225,39193.215,3670.704,1,Coin_C,,,,
coin,7823.188,-24836.541,-42.488,1,Coin_C,,,,
coin,26089.816,39193.215,3670.704,1,Coin_C,,,,
coin,8307.93,-25451.098,46.621,1,Coin_C,,,,
coin,9659.559,-27075.922,225.354,1,Coin_C,,,,
coin,9612.546,-27263.844,252.663,1,Coin_C,,,,
coin,9757.492,-27424.037,308.267,1,Coin_C,,,,
coin,9969.694,-27382.047,343.177,1,Coin_C,,,,
coin,10035.497,-27175.996,306.731,1,Coin_C,,,,
coin,9879.374,-27032.633,263.423,1,Coin_C,,,,
coin,13259.783,-24534.457,937.146,1,Coin_C,,,,
coin,13463.366,-24493.225,937.146,1,Coin_C,,,,
coin,13566.766,-24608.348,937.146,1,Coin_C,,,,
coin,13483.028,-24804.785,937.146,1,Coin_C,,,,
coin,13271.477,-24746.178,937.146,1,Coin_C,,,,
coin,13801.246,-26550.238,346.016,1,Coin_C,,,,
coin,13791.239,-26734.162,346.014,1,Coin_C,,,,
coin,13659.292,-26608.418,346.016,1,Coin_C,,,,
coin,13661.541,-26760.551,346.015,1,Coin_C,,,,
coin,12737.85,-28060.373,972.225,1,Coin_C,,,,
coin,12673.404,-27899.162,969.311,1,Coin_C,,,,
coin,12566.455,-28132.674,962.201,1,Coin_C,,,,
coin,8551.047,-23588.158,1303.672,1,Coin_C,,,,
coin,9002.063,-23959.588,1354.096,1,Coin_C,,,,
coin,8901.103,-23873.025,1383.142,1,Coin_C,,,,
coin,8797.896,-23784.342,1391.806,1,Coin_C,,,,
coin,8687.798,-23696.215,1371.024,1,Coin_C,,,,
coin,5642.786,-31040.975,-53.981,1,Coin_C,,,,
coin,10970,-14645,-175,1,Coin_C,,,,
coin,13244,-17461,27,1,Coin_C,,,,
coin,13369,-17492,65,1,Coin_C,,,,
coin,10440,-14820,-80,1,Coin_C,,,,
coin,17298.564,-23602.127,2419.971,1,Coin_C,,,,
coin,-24792.236,-39251.707,1093.532,1,Coin_C,,,,
coin,-24792.236,-39251.707,1208.725,1,Coin_C,,,,
coin,-24792.236,-39251.707,1316.714,1,Coin_C,,,,
coin,-24792.236,-39251.707,1426.403,1,Coin_C,,,,
coin,12320,-15380,840,1,Coin_C,,,,
coin,12850,-15140,630,1,Coin_C,,,,
coin,13210,-15360,460,1,Coin_C,,,,
coin,14441,-7181,-504,1,Coin_C,,,,
coin,12705,-12049,443,1,Coin_C,,,,
coin,-25289.816,-38982.145,-1155.43,1,Coin_C,,,,
coin,-25289.816,-38982.145,-1072.54,1,Coin_C,,,,
coin,-25289.816,-38982.145,-1000.291,1,Coin_C,,,,
coin,22462.779,-24088.738,2194.121,1,Coin_C,,,,
coin,14160,-16130,780,1,Coin_C,,,,
coin,14440,-15940,790,1,Coin_C,,,,
coin,14760,-15960,800,1,Coin_C,,,,
coin,17151.117,-23564.029,2419.969,1,Coin_C,,,,
coin,9646.685,-12711.548,537.065,1,Coin_C,,,,
coin,9768.004,-12807.274,529.283,1,Coin_C,,,,
coin,-627,-27764,352,1,Coin_C,,,,
coin,-754,-28038,408,1,Coin_C,,,,
coin,-934,-28142,474,1,Coin_C,,,,
coin,13178.106,-17550.781,0.896,1,Coin_C,,,,
coin,13291.736,-17595.992,28.843,1,Coin_C,,,,
coin,11866.46,-15464.693,127.874,1,Coin_C,,,,
coin,11850.919,-15281.807,132.729,1,Coin_C,,,,
coin,14180,-34840,-320.969,1,Coin_C,,,,
coin,17177.014,-23295.453,2844.968,1,Coin_C,,,,
coin,17065.041,-23445.654,2844.968,1,Coin_C,,,,
coin,17303.945,-23129.545,2844.968,1,Coin_C,,,,
coin,13870,-34840,-195.5,1,Coin_C,,,,
coin,13550,-34600,32.893,1,Coin_C,,,,
coin,13450,-34310,168.632,1,Coin_C,,,,
coin,13450,-33860,293.492,1,Coin_C,,,,
coin,21395.652,-23128.805,-158.281,1,Coin_C,,,,
coin,66209.203,32839.934,3443.567,1,Coin_C,,,,
coin,22639.125,-24081.379,2194.119,1,Coin_C,,,,
coin,66026.875,32839.934,3443.567,1,Coin_C,,,,
coin,24943.094,-9164.821,1693.309,1,Coin_C,,,,
coin,25320.188,-8927.622,1668.435,1,Coin_C,,,,
coin,21745.686,-23126.182,-1.477,1,Coin_C,,,,
coin,22307.986,-23259.697,138.513,1,Coin_C,,,,
coin,23346.734,-28695.246,1257.154,1,Coin_C,,,,
coin,23511.627,-28359.455,1333.903,1,Coin_C,,,,
coin,23950.1,-26532.674,2161.685,1,Coin_C,,,,
coin,23814.723,-26729.609,2180.196,1,Coin_C,,,,
coin,22066.65,-27937.926,2212.591,1,Coin_C,,,,
coin,21857.662,-28148.764,2307.282,1,Coin_C,,,,
coin,21552.365,-28039.164,2202.592,1,Coin_C,,,,
coin,20024.336,-27765.084,2265.81,1,Coin_C,,,,
coin,22799.982,-26385.01,4702.709,1,Coin_C,,,,
coin,22640.707,-26597.764,4636.078,1,Coin_C,,,,
coin,22511.18,-26774.912,4603.563,1,Coin_C,,,,
coin,21233.451,-14739.427,2278.14,1,Coin_C,,,,
coin,21369.355,-14966.947,2242.039,1,Coin_C,,,,
coin,21230.936,-15067.896,2277.496,1,Coin_C,,,,
coin,21944.459,-18927.83,1592.758,1,Coin_C,,,,
coin,22160.383,-19045.594,1592.758,1,Coin_C,,,,
coin,22292.852,-19122.055,1345.493,1,Coin_C,,,,
coin,24835.721,-9809.324,1569.044,1,Coin_C,,,,
coin,-9073.726,-38565.531,2778.575,1,Coin_C,,,,
coin,-8997.094,-38498.703,2778.575,1,Coin_C,,,,
coin,19497.795,-32382.881,798.242,1,Coin_C,,,,
coin,19501.289,-31899.891,798.023,1,Coin_C,,,,
coin,19504.613,-31451.99,795.728,1,Coin_C,,,,
coin,27019.727,-29941.662,726.2,1,Coin_C,,,,
coin,26789.391,-29975.363,679.334,1,Coin_C,,,,
coin,26591.461,-30012.719,624.497,1,Coin_C,,,,
coin,-8962.623,-38609.152,2778.575,1,Coin_C,,,,
coin,-9117.547,-38484.633,2778.575,1,Coin_C,,,,
coin,-9143.392,-38646.258,2778.575,1,Coin_C,,,,
coin,-8735.24,-37385.438,2616.331,1,Coin_C,,,,
coin,24603.59,-21569.363,-584.664,1,Coin_C,,,,
coin,24678.828,-21202.445,-564.626,1,Coin_C,,,,
coin,24594.475,-20895.635,-540.464,1,Coin_C,,,,
coin,24257.869,-20633.545,-513.812,1,Coin_C,,,,
coin,19509.26,-23225.488,-695.474,1,Coin_C,,,,
coin,19494.271,-23081.291,-753.165,1,Coin_C,,,,
coin,19433.461,-22977.756,-776.507,1,Coin_C,,,,
coin,12394.04,-13258.324,390.994,1,Coin_C,,,,
coin,26211.172,39193.215,3670.704,1,Coin_C,,,,
coin,12633.166,-12356.003,339.993,1,Coin_C,,,,
coin,12753.185,-12946.367,460.469,1,Coin_C,,,,
coin,16090,-490,1290,1,Coin_C,,,,
coin,16220,-465,1295,1,Coin_C,,,,
coin,16350,-455,1290,1,Coin_C,,,,
coin,15925,-540,1280,1,Coin_C,,,,
coin,16485,-445,1285,1,Coin_C,,,,
coin,-7538.642,-1259.872,175,1,Coin_C,,,,
coin,-7518.642,-1519.872,185,1,Coin_C,,,,
coin,-7572.868,-2174.872,185,1,Coin_C,,,,
coin,655,-2560,280,1,Coin_C,,,,
coin,340,-2650,270,1,Coin_C,,,,
coin,90,-2755,270,1,Coin_C,,,,
coin,18560,2340,-335,1,Coin_C,,,,
coin,18705,2315,-340,1,Coin_C,,,,
coin,18870,2290,-345,1,Coin_C,,,,
coin,20740,1180,-550,1,Coin_C,,,,
coin,20835,1025,-580,1,Coin_C,,,,
coin,23470,-37400,2000,1,Coin_C,,,,
coin,23600,-37030,1998.537,1,Coin_C,,,,
coin,23740,-36545,1959.22,1,Coin_C,,,,
coin,17370,-39030,550,1,Coin_C,,,,
coin,17370,-39165,550,1,Coin_C,,,,
coin,17370,-39295,550,1,Coin_C,,,,
coin,17370,-39440,550,1,Coin_C,,,,
coin,10331.932,-1375,2645,1,Coin_C,,,,
coin,10331.932,-1590,2645,1,Coin_C,,,,
coin,10331.932,-1780,2645,1,Coin_C,,,,
coin,10331.932,-1970,2645,1,Coin_C,,,,
coin,10331.932,-2170,2645,1,Coin_C,,,,
coin,-2304.328,-40564.344,549.877,1,Coin_C,,,,
coin,-2450.794,-40518.2229999999,550.058,1,Coin_C,,,,
coin,50278.141,12697.999,3018.252,1,Coin_C,,,,
coin,230.412,-39746.34,300.196,1,Coin_C,,,,
coin,442.467,-39733.41,299.551,1,Coin_C,,,,
coin,-2745.912,-32858.383,-2082.229,1,Coin_C,,,,
coin,-2883.999,-32887.805,-2057.404,1,Coin_C,,,,
coin,-233,-27916,119,1,Coin_C,,,,
coin,-350,-27863,194,1,Coin_C,,,,
coin,-485,-27793,288,1,Coin_C,,,,
coin,8097.499,-25175.479,9.904,1,Coin_C,,,,
coin,-1175.041,-32034.928,-16.702,1,Coin_C,,,,
coin,-484.572,-31286.32,35.088,1,Coin_C,,,,
coin,7423.306,-20122.523,914.6,1,Coin_C,,,,
coin,7324.792,-20231.631,914.395,1,Coin_C,,,,
coin,13175.463,-17671.535,-23.985,1,Coin_C,,,,
coin,9884.297,-15288.252,101.112,1,Coin_C,,,,
coin,26320.051,39193.215,3670.704,1,Coin_C,,,,
coin,9702.781,-15540.131,129.058,1,Coin_C,,,,
coin,14825.756,-12507.603,-115.975,1,Coin_C,,,,
coin,13249.888,-7039.97,-532.501,1,Coin_C,,,,
coin,13269.658,-6887.409,-532.501,1,Coin_C,,,,
coin,14481.748,-12060.614,56.895,1,Coin_C,,,,
coin,15366.403,-11569.99,61.894,1,Coin_C,,,,
coin,-3828.73,-18771.062,-6287.971,1,Coin_C,,,,
coin,12628.608,-14961.638,-3.198,1,Coin_C,,,,
coin,12762.131,-14937.944,-8.909,1,Coin_C,,,,
coin,16287.568,-15872.956,-729.246,1,Coin_C,,,,
coin,16233.771,-15779.594,-694.429,1,Coin_C,,,,
coin,5553.086,-29725.311,-777.49,1,Coin_C,,,,
coin,6019.366,-3340.313,1132.446,1,Coin_C,,,,
coin,-3547.876,-34268.562,81.871,1,Coin_C,,,,
coin,18118.619,-38028.602,1142.145,1,Coin_C,,,,
coin,5395.273,-31869.211,-835.277,1,Coin_C,,,,
coin,5578.625,-31705.486,-835.277,1,Coin_C,,,,
coin,2936,-26085,-224,1,Coin_C,,,,
coin,3064,-25754,-207,1,Coin_C,,,,
coin,2996,-25888,-225,1,Coin_C,,,,
coin,-3433.496,-22370.562,-2120.555,1,Coin_C,,,,
coin,-3559.939,-22407.646,-2120.555,1,Coin_C,,,,
coin,27748.076,-3322.873,744.401,1,Coin_C,,,,
coin,27603.773,-3147.923,637.287,1,Coin_C,,,,
coin,-8684.526,-37293.805,2616.331,1,Coin_C,,,,
coin,22173.885,-37227.094,3219.807,1,Coin_C,,,,
coin,22284.801,-36928.094,3219.807,1,Coin_C,,,,
coin,22423.512,-36644.023,3219.807,1,Coin_C,,,,
coin,22657.754,-36268.902,3219.807,1,Coin_C,,,,
coin,10214.047,-40359.25,1505.219,1,Coin_C,,,,
coin,10372.639,-40329.211,1554.92,1,Coin_C,,,,
coin,-4064.403,-18579.736,-6287.971,1,Coin_C,,,,
coin,-4273.533,-18307.838,-6287.916,1,Coin_C,,,,
coin,3476.126,-31332.338,-463.925,1,Coin_C,,,,
coin,3476.126,-31290.641,-386.901,1,Coin_C,,,,
coin,3517.868,-31349.531,-386.873,1,Coin_C,,,,
coin,5024.459,-40461.977,-886.125,1,Coin_C,,,,
coin,5177.154,-40426.395,-886.125,1,Coin_C,,,,
coin,5134.746,-40254.766,-886.125,1,Coin_C,,,,
coin,-4021.695,-36444.43,653.051,1,Coin_C,,,,
coin,-4158.702,-36444.43,653.051,1,Coin_C,,,,
coin,14271.489,-11190.713,1073.902,1,Coin_C,,,,
coin,14646.937,-11226.791,1100.301,1,Coin_C,,,,
coin,15120.65,-11254.848,1137.794,1,Coin_C,,,,
coin,33.44,-32207.543,-178.433,1,Coin_C,,,,
coin,1222.853,-32804.145,-512.821,1,Coin_C,,,,
coin,18027.748,-37982.211,1142.145,1,Coin_C,,,,
coin,-66329.305,49356.047,1585.293,1,Coin_C,,,,
coin,-66146.805,49356.047,1585.293,1,Coin_C,,,,
coin,-65965.07,49356.047,1585.293,1,Coin_C,,,,
coin,-8859.829,-37338.164,2616.331,1,Coin_C,,,,
coin,-8701.953,-37488.277,2616.331,1,Coin_C,,,,
coin,-8735.24,-37385.438,2732.962,1,Coin_C,,,,
coin,-9073.726,-38565.531,2877.837,1,Coin_C,,,,
coin,20031.744,-25241.588,2207.837,1,Coin_C,,,,
coin,-24792.236,-39251.707,1948.833,1,Coin_C,,,,
coin,-34398.273,-40162.941,362.498,1,Coin_C,,,,
coin,-34586.883,-39508.984,263.24,1,Coin_C,,,,
coin,-34887.59,-38701.523,285.061,1,Coin_C,,,,
coin,-29564.289,-15586.612,670.128,1,Coin_C,,,,
coin,-29548.002,-15848.421,670.128,1,Coin_C,,,,
coin,-29551.527,-16160.778,670.128,1,Coin_C,,,,
coin,-21740.461,-15888.238,-119.501,1,Coin_C,,,,
coin,-23365.742,-16454.377,-93.038,1,Coin_C,,,,
coin,-24318.178,-16192.074,16.465,1,Coin_C,,,,
coin,-25332.943,-16647.869,237.169,1,Coin_C,,,,
coin,-24215.646,-12260.066,-1855.994,1,Coin_C,,,,
coin,-24102.209,-12260.066,-1855.994,1,Coin_C,,,,
coin,-24102.209,-11581.049,-1855.994,1,Coin_C,,,,
coin,-24197.713,-11581.049,-1855.994,1,Coin_C,,,,
coin,-21010.916,-15745.904,-1444.765,1,Coin_C,,,,
coin,-21183.109,-15745.904,-1444.765,1,Coin_C,,,,
coin,-21106.463,-15923.24,-1444.765,1,Coin_C,,,,
coin,-21243.709,-15902.242,-1444.765,1,Coin_C,,,,
coin,-26760.408,-16263.094,-1414.607,1,Coin_C,,,,
coin,-26878.748,-16157.744,-1421.348,1,Coin_C,,,,
coin,-27011.908,-16057.416,-1428.636,1,Coin_C,,,,
coin,-28807.182,-15134.503,-2370.549,1,Coin_C,,,,
coin,-28923.162,-15120.812,-2370.548,1,Coin_C,,,,
coin,-29052.312,-15120.812,-2370.548,1,Coin_C,,,,
coin,-29206.336,-15120.812,-2370.548,1,Coin_C,,,,
coin,-28891.807,-14385.017,-2290,1,Coin_C,,,,
coin,-28891.807,-14298.9,-2290,1,Coin_C,,,,
coin,-28891.807,-14192.399,-2290,1,Coin_C,,,,
coin,9970.047,14133.481,342.739,1,Coin_C,,,,
coin,-29153.273,-13412.064,-2350.351,1,Coin_C,,,,
coin,-29026.627,-13412.064,-2350.351,1,Coin_C,,,,
coin,-28911.002,-13412.064,-2350.351,1,Coin_C,,,,
coin,-28840.201,-13412.064,-2350.351,1,Coin_C,,,,
coin,-24162.607,-10544.565,-1120.435,1,Coin_C,,,,
coin,-24668.463,-10578.993,-1120.435,1,Coin_C,,,,
coin,-23473.18,-10244.811,-1120.435,1,Coin_C,,,,
coin,-20700.568,-8125.283,-1808.696,1,Coin_C,,,,
coin,-20857.363,-8174.393,-1808.696,1,Coin_C,,,,
coin,-20949.201,-8227.023,-1808.696,1,Coin_C,,,,
coin,-10682.015,-12235.231,-1023.165,1,Coin_C,,,,
coin,-10682.015,-11957.187,-1129.393,1,Coin_C,,,,
coin,-10763.822,-11690.44,-1193.128,1,Coin_C,,,,
coin,-10897.683,-11478.325,-1306.201,1,Coin_C,,,,
coin,-14145.908,-16343.886,-871.556,1,Coin_C,,,,
coin,-14288.33,-16583.758,-895.554,1,Coin_C,,,,
coin,-14553.561,-16705.475,-909.52,1,Coin_C,,,,
coin,-25387.234,-12903.037,-1850.108,1,Coin_C,,,,
coin,-25387.234,-12903.037,-1758.531,1,Coin_C,,,,
coin,-25387.234,-12903.037,-1664.427,1,Coin_C,,,,
coin,-28837.066,-12485.714,-1352.091,1,Coin_C,,,,
coin,-28620.035,-12465.814,-1355.972,1,Coin_C,,,,
coin,-28401.621,-12420.766,-1351.125,1,Coin_C,,,,
coin,-28849.926,-9423.783,-1163.122,1,Coin_C,,,,
coin,-29212.262,-9378.269,-1124.497,1,Coin_C,,,,
coin,-29514.768,-9326.544,-1122.698,1,Coin_C,,,,
coin,-30033.82,-9234.859,-1186.808,1,Coin_C,,,,
coin,-30850.469,-10203.66,77.176,1,Coin_C,,,,
coin,-30797.967,-10545.41,73.063,1,Coin_C,,,,
coin,-31044.043,-10034.926,70.042,1,Coin_C,,,,
coin,26465.893,39193.215,3670.704,1,Coin_C,,,,
coin,25830.131,39193.215,3670.704,1,Coin_C,,,,
coin,-35958.355,50840.527,1446.502,1,Coin_C,,,,
coin,-35790.094,50434.48,1446.502,1,Coin_C,,,,
coin,-31335.6,-19764.967,-720.14,1,Coin_C,,,,
coin,-31685.332,-21528.65,-720.14,1,Coin_C,,,,
coin,-31750.904,-22238.951,-620.458,1,Coin_C,,,,
coin,-31119.846,-22419.221,-648.285,1,Coin_C,,,,
coin,-30572.359,-22835.486,-431.925,1,Coin_C,,,,
coin,-31212.809,-18975.957,-586.644,1,Coin_C,,,,
coin,-31534.363,-20773.045,-580.188,1,Coin_C,,,,
coin,-65807.336,49356.047,1585.293,1,Coin_C,,,,
coin,-65614.844,49356.047,1585.293,1,Coin_C,,,,
coin,-49063.883,59337.297,1176.637,1,Coin_C,,,,
coin,-49063.883,59210.949,1176.637,1,Coin_C,,,,
coin,-28308.803,-41553.969,-1170,1,Coin_C,,,,
coin,-28118.803,-41583.969,-1170,1,Coin_C,,,,
coin,-26750,-42250,-1170,1,Coin_C,,,,
coin,-26640,-42260,-1170,1,Coin_C,,,,
coin,-24792.236,-39251.707,2064.027,1,Coin_C,,,,
coin,22044.336,-23003.736,67.961,1,Coin_C,,,,
coin,21521.299,-24026.586,1438.758,1,Coin_C,,,,
coin,2885.069,-31203.572,63.819,1,Coin_C,,,,
coin,-40994.352,-30813.959,-954.21,1,Coin_C,,,,
coin,-41074.922,-31000.879,-957.495,1,Coin_C,,,,
coin,-41255,-30800.996,-943.897,1,Coin_C,,,,
coin,-41108.605,-30603.051,-935.663,1,Coin_C,,,,
coin,-33915.957,-28765.105,-966.953,1,Coin_C,,,,
coin,-33707.379,-28764.104,-967.235,1,Coin_C,,,,
coin,-23860.799,-29474.053,-1581.928,1,Coin_C,,,,
coin,-24037.223,-29474.053,-1581.928,1,Coin_C,,,,
coin,-24219.986,-29474.053,-1581.928,1,Coin_C,,,,
coin,-24125.568,-29479.787,-1581.928,1,Coin_C,,,,
coin,-23938.467,-29479.787,-1581.928,1,Coin_C,,,,
coin,-11710.536,-22614.377,-528.281,1,Coin_C,,,,
coin,-11299.884,-22017.471,-761.542,1,Coin_C,,,,
coin,-34348.844,-21712.393,-879.349,1,Coin_C,,,,
coin,-11652.906,-24614.037,-568.242,1,Coin_C,,,,
coin,9964.06,14133.481,526.732,1,Coin_C,,,,
coin,9967.96,14133.481,703.412,1,Coin_C,,,,
coin,9961.984,14133.481,828.238,1,Coin_C,,,,
coin,9969.532,14133.481,949.767,1,Coin_C,,,,
coin,5586.131,-31434.285,-835.277,1,Coin_C,,,,
coin,8504.857,-25700.521,97.824,1,Coin_C,,,,
coin,-67720.75,51030.988,1704.371,1,Coin_C,,,,
coin,-34348.844,-21712.393,-768.465,1,Coin_C,,,,
coin,-34348.844,-21712.393,-644.527,1,Coin_C,,,,
coin,-35612.582,-23094.566,-850.087,1,Coin_C,,,,
coin,-35612.582,-23094.566,-712.252,1,Coin_C,,,,
coin,-37154.262,-23434.676,-914.321,1,Coin_C,,,,
coin,-37154.262,-23434.676,-800.127,1,Coin_C,,,,
coin,5468.359,-3424.087,1107.551,1,Coin_C,,,,
coin,7829.449,-2685.059,1330.616,1,Coin_C,,,,
coin,8171.038,-2544.357,1323.443,1,Coin_C,,,,
coin,-30072.133,-29372.463,2909.21,1,Coin_C,,,,
coin,-30072.133,-29372.463,3124.404,1,Coin_C,,,,
coin,-30072.133,-29372.463,3332.392,1,Coin_C,,,,
coin,-30072.133,-29372.463,3542.081,1,Coin_C,,,,
coin,5349.794,-10987.687,380.798,1,Coin_C,,,,
coin,5229.197,-11018.688,397.761,1,Coin_C,,,,
coin,5148.621,-11017.169,410.049,1,Coin_C,,,,
coin,5070.746,-11014.342,409.793,1,Coin_C,,,,
coin,4974.272,-11011.785,417.951,1,Coin_C,,,,
coin,4843.346,-10968.142,453.004,1,Coin_C,,,,
coin,-24792.236,-39251.707,1534.365,1,Coin_C,,,,
coin,-24792.236,-39251.707,1635.268,1,Coin_C,,,,
coin,-24792.236,-39251.707,1735.667,1,Coin_C,,,,
coin,-24792.236,-39251.707,1834.565,1,Coin_C,,,,
coin,-30072.133,-29372.463,3750.043,1,Coin_C,,,,
coin,-30072.133,-29372.463,3950.946,1,Coin_C,,,,
coin,-9706.832,468.147,-146.575,1,Coin_C,,,,
coin,-9808.674,482.699,-146.328,1,Coin_C,,,,
coin,-9663.112,268.57,-162.136,1,Coin_C,,,,
coin,-9787.986,299.445,-155.618,1,Coin_C,,,,
coin,-47863.344,19494.428,1844.966,1,Coin_C,,,,
coin,28485,22589,741,1,Coin_C,,,,
coin,28485,22448,741,1,Coin_C,,,,
coin,-48437.512,-49115.281,-1779.378,1,Coin_C,,,,
coin,-48342.691,-49066.16,-1779.378,1,Coin_C,,,,
coin,-48249.359,-49000.344,-1779.378,1,Coin_C,,,,
coin,-52157.504,-43100.703,-1779.381,1,Coin_C,,,,
coin,-51993.926,-43100.703,-1779.381,1,Coin_C,,,,
coin,-52164.426,-43309.2229999999,-1779.381,1,Coin_C,,,,
coin,-54316.98,-51845.555,-1615.486,1,Coin_C,,,,
coin,-54446.938,-51781.094,-1615.486,1,Coin_C,,,,
coin,-48833.3479999999,-44750.434,-104.588,1,Coin_C,,,,
coin,-49285.062,-45123.977,-104.588,1,Coin_C,,,,
coin,-49646.43,-45163.59,-104.588,1,Coin_C,,,,
coin,-49841.852,-44978.719,-104.588,1,Coin_C,,,,
coin,-49804.152,-44562.684,-104.588,1,Coin_C,,,,
coin,-49783.23,-44338.586,-104.588,1,Coin_C,,,,
coin,-49727.906,-43935.777,-104.588,1,Coin_C,,,,
coin,-49514.027,-43622.883,-104.588,1,Coin_C,,,,
coin,-49141.215,-43411.141,-104.588,1,Coin_C,,,,
coin,-48868.996,-43407.227,-104.588,1,Coin_C,,,,
coin,-48554.699,-43422.3479999999,-104.588,1,Coin_C,,,,
coin,-48242.148,-43532.445,-104.588,1,Coin_C,,,,
coin,-47981.906,-43828.633,-104.588,1,Coin_C,,,,
coin,-47941.414,-44266.766,-104.588,1,Coin_C,,,,
coin,-47933.051,-44749.02,-104.588,1,Coin_C,,,,
coin,-47940.0979999999,-45136.398,-104.588,1,Coin_C,,,,
coin,-48080.941,-45493.801,-104.588,1,Coin_C,,,,
coin,-48509.781,-45493.801,-104.588,1,Coin_C,,,,
coin,-48618.277,-45259.918,-104.588,1,Coin_C,,,,
coin,-48741.016,-44976.125,-104.588,1,Coin_C,,,,
coin,-49075.492,-44933.25,-104.588,1,Coin_C,,,,
coin,-31336.498,-10034.926,70.042,1,Coin_C,,,,
coin,-31527.346,-10190.65,70.042,1,Coin_C,,,,
coin,3026.86,-31052.635,62.845,1,Coin_C,,,,
coin,-52997.301,-47437.102,-92.321,1,Coin_C,,,,
coin,-53098.02,-47437.102,-92.321,1,Coin_C,,,,
coin,-53187.617,-47437.102,-92.321,1,Coin_C,,,,
coin,-53295.215,-47437.102,-92.321,1,Coin_C,,,,
coin,-51165.184,-43858.512,1251.806,1,Coin_C,,,,
coin,-51116.898,-43778.301,1251.806,1,Coin_C,,,,
coin,-51050.059,-43814.84,1251.806,1,Coin_C,,,,
coin,-51105.395,-43896.68,1251.806,1,Coin_C,,,,
coin,-29489.008,-10838.893,-1058.746,1,Coin_C,,,,
coin,-29188.338,-10749.005,-1065.527,1,Coin_C,,,,
coin,1313.702,-11954.87,-6632.336,1,Coin_C,,,,
coin,1153.112,-12227.861,-6714.806,1,Coin_C,,,,
coin,1237.032,-11603.554,-6713.336,1,Coin_C,,,,
coin,1421.801,-27213.535,1972.62,1,Coin_C,,,,
coin,1269.336,-27143.578,2013.631,1,Coin_C,,,,
coin,1560.834,-26923.414,1970.012,1,Coin_C,,,,
coin,21681.465,-23735.371,1438.758,1,Coin_C,,,,
coin,-50438.09,-45315.977,1974.283,1,Coin_C,,,,
coin,-50183.945,-45315.977,1974.283,1,Coin_C,,,,
coin,-49905.254,-45315.977,1974.283,1,Coin_C,,,,
coin,-49580.02,-45315.977,1974.283,1,Coin_C,,,,
coin,-49187.656,-45315.977,1974.283,1,Coin_C,,,,
coin,-58914.801,-45381.57,2143.383,1,Coin_C,,,,
coin,-58914.801,-45381.57,2012.549,1,Coin_C,,,,
coin,-58914.801,-45381.57,1839.118,1,Coin_C,,,,
coin,-58914.801,-45381.57,1668.65,1,Coin_C,,,,
coin,-58914.801,-45381.57,1527.885,1,Coin_C,,,,
coin,-31559.777,-21177.291,-615.683,1,Coin_C,,,,
coin,-31746.236,-21838.674,-661.63,1,Coin_C,,,,
coin,-31533.188,-22419.221,-599.005,1,Coin_C,,,,
coin,-31457.814,-20337.234,-627.107,1,Coin_C,,,,
coin,-31297.844,-19355.551,-656.902,1,Coin_C,,,,
coin,-31916.535,39335.367,-2980.988,1,Coin_C,,,,
coin,-31916.535,39494.547,-2980.988,1,Coin_C,,,,
coin,-31916.535,39668.816,-2980.988,1,Coin_C,,,,
coin,-51263.613,37328.039,646.087,1,Coin_C,,,,
coin,-50940.301,37325.219,575.476,1,Coin_C,,,,
coin,-50708.742,37331.402,552.483,1,Coin_C,,,,
coin,-49537.512,38654.871,1347.729,1,Coin_C,,,,
coin,-49537.512,38792.074,1347.729,1,Coin_C,,,,
coin,-49537.512,38931.562,1347.729,1,Coin_C,,,,
coin,-49537.512,39095.156,1347.729,1,Coin_C,,,,
coin,-42845.504,58352.328,813.95,1,Coin_C,,,,
coin,-42587.75,58352.328,813.95,1,Coin_C,,,,
coin,-42352.789,58352.328,813.95,1,Coin_C,,,,
coin,-42174.742,58352.328,813.95,1,Coin_C,,,,
coin,-41983,58352.328,813.95,1,Coin_C,,,,
coin,-44195.766,56764.016,3270.327,1,Coin_C,,,,
coin,-44309.859,56870.871,3270.327,1,Coin_C,,,,
coin,-44407.25,57007.129,3270.327,1,Coin_C,,,,
coin,-9636.099,44812.285,211.468,1,Coin_C,,,,
coin,-9405.442,44761.262,276.257,1,Coin_C,,,,
coin,-9182.013,44677.477,361.745,1,Coin_C,,,,
coin,-10868.335,17566.377,1994.495,1,Coin_C,,,,
coin,-10895.099,17147.191,1991.738,1,Coin_C,,,,
coin,-10505.609,17388.314,1991.738,1,Coin_C,,,,
coin,-11346.971,17377.959,1991.738,1,Coin_C,,,,
coin,-7395.763,29506.668,456.283,1,Coin_C,,,,
coin,-7395.763,29506.668,531.094,1,Coin_C,,,,
coin,-7395.763,29506.668,607.891,1,Coin_C,,,,
coin,-8572.141,29506.668,456.283,1,Coin_C,,,,
coin,-8572.141,29506.668,531.094,1,Coin_C,,,,
coin,-8572.141,29506.668,607.891,1,Coin_C,,,,
coin,8940,15010,1000,1,Coin_C,,,,
coin,8940,14890,1000,1,Coin_C,,,,
coin,8940,14770,1000,1,Coin_C,,,,
coin,-49063.883,59445.898,1176.637,1,Coin_C,,,,
coin,-51655.41,56589.617,1756.164,1,Coin_C,,,,
coin,-51523.168,56589.617,1756.164,1,Coin_C,,,,
coin,-51394.258,56589.617,1756.164,1,Coin_C,,,,
coin,-52983.406,54603.105,2307.729,1,Coin_C,,,,
coin,-53185.34,54603.105,2307.729,1,Coin_C,,,,
coin,-53367.73,54603.105,2307.729,1,Coin_C,,,,
coin,-44672.785,59635.152,737.942,1,Coin_C,,,,
coin,-44298.68,59633.535,766.494,1,Coin_C,,,,
coin,-44450.879,59633.535,766.494,1,Coin_C,,,,
coin,-44588.246,59635.152,747.395,1,Coin_C,,,,
coin,-44214.141,59633.535,775.947,1,Coin_C,,,,
coin,-44366.34,59633.535,775.947,1,Coin_C,,,,
coin,-50985.535,56037.09,2358.031,1,Coin_C,,,,
coin,-28036.596,-41495.074,-1170,1,Coin_C,,,,
coin,-50985.535,55766.648,2358.031,1,Coin_C,,,,
coin,-44672.785,59547.359,737.942,1,Coin_C,,,,
coin,-44298.68,59545.742,766.494,1,Coin_C,,,,
coin,-44450.879,59545.742,766.494,1,Coin_C,,,,
coin,-44588.246,59547.359,747.395,1,Coin_C,,,,
coin,-44366.34,59545.742,775.947,1,Coin_C,,,,
coin,-51009.855,55394.789,2358.031,1,Coin_C,,,,
coin,-51225.23,55153.152,2358.031,1,Coin_C,,,,
coin,-51400.691,55157.785,2358.031,1,Coin_C,,,,
coin,-30944.033,-10896.914,206.606,1,Coin_C,,,,
coin,-31084.877,-11289.608,216.976,1,Coin_C,,,,
coin,-31254.982,-11645.627,147.945,1,Coin_C,,,,
coin,-31332.658,-11935.828,-51.809,1,Coin_C,,,,
coin,-67720.75,51160.555,1704.371,1,Coin_C,,,,
coin,-67720.75,51289.98,1704.371,1,Coin_C,,,,
coin,-18459.775,40850.953,414.392,1,Coin_C,,,,
coin,-18382.605,40824.812,414.392,1,Coin_C,,,,
coin,-18306.572,40800.051,414.392,1,Coin_C,,,,
coin,-63090,55350,460,1,Coin_C,,,,
coin,-63290,55360,460,1,Coin_C,,,,
coin,-63500,55370,460,1,Coin_C,,,,
coin,-6107.044,-27321.475,2506.99,1,Coin_C,,,,
coin,-6136.1,-27217.74,2506.99,1,Coin_C,,,,
coin,-6168.85,-27099.551,2506.99,1,Coin_C,,,,
coin,-6194.431,-26991.998,2506.99,1,Coin_C,,,,
coin,-30072.133,-29372.463,4151.346,1,Coin_C,,,,
coin,-30072.133,-29372.463,4350.243,1,Coin_C,,,,
coin,-43955.375,-46808.395,-1243.529,1,Coin_C,,,,
coin,-43806.84,-46812.457,-1243.529,1,Coin_C,,,,
coin,-43807.633,-46637.266,-1243.529,1,Coin_C,,,,
coin,-43952.234,-46639.633,-1243.529,1,Coin_C,,,,
coin,-7174.822,-28903.113,4726.292,1,Coin_C,,,,
coin,-7389.958,-29093.461,4722.245,1,Coin_C,,,,
coin,-7624.576,-29375.473,4709.621,1,Coin_C,,,,
coin,-7774.812,-29739.689,4715.788,1,Coin_C,,,,
coin,14987.83,-18971.617,3318.376,1,Coin_C,,,,
coin,14821.388,-19223.391,3309.866,1,Coin_C,,,,
coin,14652.243,-19463.52,3303.415,1,Coin_C,,,,
coin,14488.428,-19773.941,3301.393,1,Coin_C,,,,
coin,14357.279,-20086.027,3286.587,1,Coin_C,,,,
coin,14214.778,-20389.777,3292.713,1,Coin_C,,,,
coin,15285.606,-18780.113,3338.854,1,Coin_C,,,,
coin,-380.602,-24602.98,4534.853,1,Coin_C,,,,
coin,-194.18,-24310.438,4547.732,1,Coin_C,,,,
coin,-10.579,-24048.361,4557.161,1,Coin_C,,,,
coin,189.71,-23678.111,4564.796,1,Coin_C,,,,
coin,398.839,-23391.234,4565.167,1,Coin_C,,,,
coin,639.138,-23055.91,4563.949,1,Coin_C,,,,
coin,1307.263,-11202.788,2215.99,1,Coin_C,,,,
coin,1298.484,-10830.176,2189.243,1,Coin_C,,,,
coin,1413.015,-11522.165,2222.331,1,Coin_C,,,,
coin,1549.829,-11916.064,2173.516,1,Coin_C,,,,
coin,1286.674,-10545.582,2199.734,1,Coin_C,,,,
coin,-54428.84,-32880.379,4138.645,1,Coin_C,,,,
coin,-54772.73,-32945.289,4138.493,1,Coin_C,,,,
coin,-55040.137,-33353.176,4130.549,1,Coin_C,,,,
coin,-54897.254,-33673.391,4133.689,1,Coin_C,,,,
coin,-54616.367,-33666.793,4145.024,1,Coin_C,,,,
coin,-54373.211,-33345.484,4146.192,1,Coin_C,,,,
coin,-51227.07,54891.164,3431.175,1,Coin_C,,,,
coin,-51108.77,55023.07,3431.175,1,Coin_C,,,,
coin,-51006.523,55223.719,3431.175,1,Coin_C,,,,
coin,-52923.219,56973.977,2786.954,1,Coin_C,,,,
coin,-53058.102,56973.977,2786.954,1,Coin_C,,,,
coin,28485,22307,741,1,Coin_C,,,,
coin,19168.604,19317.32,1034.236,1,Coin_C,,,,
coin,19356.312,19317.32,1034.236,1,Coin_C,,,,
coin,19544.812,19317.32,1034.236,1,Coin_C,,,,
coin,19731.824,19317.32,1034.236,1,Coin_C,,,,
coin,19953.354,19317.32,1034.236,1,Coin_C,,,,
coin,21507.207,-13612.831,1542.134,1,Coin_C,,,,
coin,21415.227,-13531.202,1537.227,1,Coin_C,,,,
coin,21246.252,-13606.574,1546.308,1,Coin_C,,,,
coin,28485,22143,741,1,Coin_C,,,,
coin,28485,21969,741,1,Coin_C,,,,
coin,2599.06,-28200.424,368.083,1,Coin_C,,,,
coin,2952.86,-31127.635,62.845,1,Coin_C,,,,
coin,-319,-33963,-254,1,Coin_C,,,,
coin,-149,-33778,-276,1,Coin_C,,,,
coin,69,-33510,-281,1,Coin_C,,,,
coin,-1293,-40534,303,1,Coin_C,,,,
coin,-1203,-40534,303,1,Coin_C,,,,
coin,-1203,-40438,303,1,Coin_C,,,,
coin,-1292,-40438,303,1,Coin_C,,,,
coin,-321,-40534,303,1,Coin_C,,,,
coin,-231,-40534,303,1,Coin_C,,,,
coin,-231,-40438,303,1,Coin_C,,,,
coin,-321,-40438,303,1,Coin_C,,,,
coin,28522,22651,1300,1,Coin_C,,,,
coin,28573,22427,1300,1,Coin_C,,,,
coin,28637,22177,1300,1,Coin_C,,,,
coin,28700,21925,1300,1,Coin_C,,,,
coin,28764,21652,1300,1,Coin_C,,,,
coin,-21168.434,-8089.984,-1120.435,1,Coin_C,,,,
coin,-22868.9,-9873.22,-953.042,1,Coin_C,,,,
coin,-30243.143,-22160.057,-1132.545,1,Coin_C,,,,
coin,-30392.113,-22160.057,-1132.545,1,Coin_C,,,,
coin,-36264.758,50527.965,1446.502,1,Coin_C,,,,
coin,-27917.426,50897.055,2498.726,1,Coin_C,,,,
coin,-28167.268,50897.055,2546.299,1,Coin_C,,,,
coin,-28417.283,50897.055,2558.567,1,Coin_C,,,,
coin,46934.2229999999,-24195.104,2252.254,1,Coin_C,,,,
coin,46494.141,-24255.787,2200.972,1,Coin_C,,,,
coin,46180.523,-24295.92,2208.87,1,Coin_C,,,,
coin,45987.383,-24307.309,2165.647,1,Coin_C,,,,
coin,21755.318,2716.447,2006.72,1,Coin_C,,,,
coin,21812.824,3098.642,2013.654,1,Coin_C,,,,
coin,21897.002,3534.349,2015.676,1,Coin_C,,,,
coin,22290.197,3997.259,2010.581,1,Coin_C,,,,
coin,21812.127,2893.149,2010.472,1,Coin_C,,,,
coin,21861.381,3339.133,2015.088,1,Coin_C,,,,
coin,22033.23,3738.171,2015.396,1,Coin_C,,,,
coin,-50658.547,-48261.7229999999,-993.76,1,Coin_C,,,,
coin,-50345.371,-48047.922,-830.594,1,Coin_C,,,,
coin,-50095.977,-47846.797,-776.427,1,Coin_C,,,,
coin,-49842.438,-47672.996,-713.154,1,Coin_C,,,,
coin,-55300.117,-51567.992,370.097,1,Coin_C,,,,
coin,-55300.117,-51396.758,370.097,1,Coin_C,,,,
coin,-55300.117,-51215.52,370.097,1,Coin_C,,,,
coin,-55300.117,-51047.746,370.097,1,Coin_C,,,,
coin,-55300.117,-50861.57,370.097,1,Coin_C,,,,
coin,49373.023,15366.241,5661.033,1,Coin_C,,,,
coin,49248.148,15366.241,5661.033,1,Coin_C,,,,
coin,49083.445,15366.241,5661.033,1,Coin_C,,,,
coin,48752.738,14851.253,5660.278,1,Coin_C,,,,
coin,-40591.211,50356.699,3272.729,1,Coin_C,,,,
coin,14666.478,-12295.211,-4.104,1,Coin_C,,,,
coin,1441.705,-36411.562,-175.446,1,Coin_C,,,,
coin,1221.762,-36304.656,-183.071,1,Coin_C,,,,
coin,50243.617,12809.381,3018.252,1,Coin_C,,,,
coin,50185.543,12953.247,3018.252,1,Coin_C,,,,
coin,51659.051,14941.94,3044.239,1,Coin_C,,,,
coin,51724.586,14791.265,3043.625,1,Coin_C,,,,
coin,-47863.344,19366.609,1844.966,1,Coin_C,,,,
coin,-47863.344,19249.439,1844.966,1,Coin_C,,,,
coin,-47863.344,19601.244,1844.966,1,Coin_C,,,,
coin,-47863.344,19125.559,1844.966,1,Coin_C,,,,
coin,-47863.344,19006.102,1844.966,1,Coin_C,,,,
coin,-28463.551,-21822.174,797.378,1,Coin_C,,,,
coin,-28737.779,-21513.365,786.024,1,Coin_C,,,,
coin,-28944.686,-20975.08,805.876,1,Coin_C,,,,
coin,-28997.27,-20334.193,808.981,1,Coin_C,,,,
coin,-49167.703,-47534.023,2021.1,1,Coin_C,,,,
coin,-58845.105,40551.02,2307.729,1,Coin_C,,,,
coin,2118.021,18298.064,758.404,1,Coin_C,,,,
coin,15431.492,27847.863,1737.4,1,Coin_C,,,,
coin,15390.016,27731.891,1743.445,1,Coin_C,,,,
coin,-53018.902,-46162.461,-442.102,1,Coin_C,,,,
coin,-53018.902,-46012.516,-442.102,1,Coin_C,,,,
coin,-49167.703,-47344.516,2021.1,1,Coin_C,,,,
coin,-49167.703,-47104.207,2021.1,1,Coin_C,,,,
coin,-30072.133,-29372.463,4572.771,1,Coin_C,,,,
coin,-24792.236,-39251.707,2389.666,1,Coin_C,,,,
coin,-24792.236,-39251.707,2490.569,1,Coin_C,,,,
coin,-24792.236,-39251.707,2590.969,1,Coin_C,,,,
coin,-24792.236,-39251.707,2689.866,1,Coin_C,,,,
coin,-24792.236,-39251.707,2172.015,1,Coin_C,,,,
coin,-24792.236,-39251.707,2281.704,1,Coin_C,,,,
coin,-2552.29,-27405.432,-2102.266,1,Coin_C,,,,
coin,-32687.941,-27178.115,54.072,1,Coin_C,,,,
coin,-32658.998,-27297.734,54.072,1,Coin_C,,,,
coin,-32802.391,-27253.447,54.072,1,Coin_C,,,,
coin,-62153.871,46851.422,-986.472,1,Coin_C,,,,
coin,-62289.383,46851.422,-986.472,1,Coin_C,,,,
coin,-62421.469,46851.422,-986.472,1,Coin_C,,,,
coin,-6637.416,-18987.68,2024.013,1,CoinBig_C,,,,
coin,-6867.187,-19238.027,2016.076,1,CoinBig_C,,,,
coin,-7109.516,-19502.068,2006.812,1,Coin_C,,,,
coin,-7346.054,-19759.787,1988.466,1,Coin_C,,,,
coin,-7582.36,-20017.248,1971.486,1,Coin_C,,,,
coin,-7821.768,-20278.09,1944.578,1,Coin_C,,,,
coin,-8064.851,-20542.941,1917.722,1,Coin_C,,,,
coin,-8300.57,-20799.771,1885.249,1,Coin_C,,,,
coin,-8544.479,-21065.518,1850.526,1,Coin_C,,,,
coin,-8773.301,-21314.832,1808.29,1,Coin_C,,,,
coin,-6398.384,-18727.246,2004.442,1,Coin_C,,,,
coin,-6157.99,-18465.32,2013.809,1,Coin_C,,,,
coin,-53018.902,-46306.734,-442.102,1,Coin_C,,,,
coinStash,-31923.992,39922.008,-2937.63,1,CoinBig_C,,,,
coinStash,-49000.469,37962.363,1347.729,1,CoinBig_C,,,,
coinStash,8306.605,-212.115,3699.214,1,CoinBig_C,,,,
coinStash,28741.443,-39587.895,4655.118,1,CoinBig_C,,,,
coinStash,-28386.174,36788.164,1310.855,1,CoinBig_C,,,,
coinStash,-28816.488,36562.387,1310.856,1,CoinBig_C,,,,
coinStash,-61292.738,52539.957,1759.16,1,CoinBig_C,,,,
coinStash,-68520.352,54651.844,1658.567,1,CoinBig_C,,,,
coinStash,-65967.891,51075.129,1818.542,1,CoinBig_C,,,,
coinStash,-53768.555,31048.984,625.766,1,CoinBig_C,,,,
coinStash,-52396.2229999999,31048.984,625.766,1,CoinBig_C,,,,
coinStash,-68085.531,55106.234,557.531,1,CoinBig_C,,,,
coinStash,-68352.141,55106.234,557.531,1,CoinBig_C,,,,
coinStash,-53883.957,40674.59,2307.729,1,CoinBig_C,,,,
coinStash,-41937.043,58151.938,2312.571,1,CoinBig_C,,,,
coinStash,-28930.041,-13832.912,-2290,1,CoinBig_C,,,,
coinStash,-29113.037,-13832.912,-2290,1,CoinBig_C,,,,
coinStash,-41937.043,57867.457,2312.571,1,CoinBig_C,,,,
coinStash,21554,21257,1863,1,CoinBig_C,,,,
coinStash,-52260,37080,580,1,CoinBig_C,,,,
coinStash,-2794.543,-23916.26,1333.263,1,CoinBig_C,,,,
coinStash,-34337.57,-23396.666,1151.668,1,CoinBig_C,,,,
coinStash,29230,20145,1522,1,CoinBig_C,,,,
coinStash,21817,21257,1863,1,CoinBig_C,,,,
coinStash,28959,19947,243,1,CoinBig_C,,,,
coinStash,24272,21419,1864,1,CoinBig_C,,,,
coinStash,29802,18195,1376,1,CoinBig_C,,,,
coinStash,24107,25268,713,1,CoinBig_C,,,,
coinStash,23816,25268,713,1,CoinBig_C,,,,
coinStash,23437,25268,713,1,CoinBig_C,,,,
coinStash,23077,25268,713,1,CoinBig_C,,,,
coinStash,24387,25268,713,1,CoinBig_C,,,,
coinStash,24709,25268,713,1,CoinBig_C,,,,
coinStash,25661,34652,1082,1,CoinBig_C,,,,
coinStash,25849,34652,1082,1,CoinBig_C,,,,
coinStash,26066,34652,1082,1,CoinBig_C,,,,
coinStash,26205,34652,1082,1,CoinBig_C,,,,
coinStash,26409,34652,1082,1,CoinBig_C,,,,
coinStash,26680,34652,1082,1,CoinBig_C,,,,
coinStash,26827,34652,1082,1,CoinBig_C,,,,
coinStash,26979,34652,1082,1,CoinBig_C,,,,
coinStash,27121,34652,1082,1,CoinBig_C,,,,
coinStash,27281,34652,1082,1,CoinBig_C,,,,
coinStash,27451,34652,1082,1,CoinBig_C,,,,
coinStash,26566,34652,1082,1,CoinBig_C,,,,
coinStash,46917.785,-22943.395,4458.756,1,CoinBig_C,,,,
coinStash,53848.652,13903.144,6195.492,1,CoinBig_C,,,,
coinStash,54070.336,12981.126,6542.509,1,CoinBig_C,,,,
coinStash,40306.727,18651.42,5598.186,1,CoinBig_C,,,,
coinStash,38250.305,18657.914,5598.167,1,CoinBig_C,,,,
coinStash,45871.926,16406.207,3206.037,1,CoinBig_C,,,,
coinStash,50418.547,-27008.654,2195.342,1,CoinBig_C,,,,
coinStash,50096.832,-26880.928,2204.806,1,CoinBig_C,,,,
coinStash,50616.551,-27150.463,2194.451,1,CoinBig_C,,,,
coinStash,-42218.793,51533.875,3272.729,1,CoinBig_C,,,,
coinStash,-56108.3479999999,39940.59,3411.115,1,CoinBig_C,,,,
coinStash,-56103.102,40682.367,3410.592,1,CoinBig_C,,,,
coinStash,-56122.906,41378.738,3410.592,1,CoinBig_C,,,,
coinStash,-56094.32,42355.238,3410.593,1,CoinBig_C,,,,
coinStash,-34344.453,125.301,2305.698,1,CoinBig_C,,,,
coinStash,-31665.082,139.699,2305.695,1,CoinBig_C,,,,
coinStash,36711,-4074,3988,1,CoinBig_C,,,,
coinStash,-25348,-42853,-1190,1,CoinBig_C,,,,
coinStash,4093.059,55197.789,782.178,1,CoinBig_C,,,,
coinStash,97424.539,20374.746,10325.449,1,CoinBig_C,,,,
coinStash,80278.477,30684.975,8860.409,1,CoinBig_C,,,,
coinStash,74502.648,29883.076,7875.998,1,CoinBig_C,,,,
coinStash,69351.914,27708.734,7322.911,1,CoinBig_C,,,,
coinStash,97524.719,20600.195,10298.861,1,CoinBig_C,,,,
coinStash,46118.4729999999,16406.207,3206.037,1,CoinBig_C,,,,
coinStash,-23056.283,-18706.893,5716.709,1,CoinBig_C,,,,
coinStash,-23668.654,-18071.145,5304.258,1,CoinBig_C,,,,
coinStash,-23393.285,-18396.285,5493.219,1,CoinBig_C,,,,
coinStash,7875.544,-62.5,3674.729,1,CoinBig_C,,,,
coinStash,24868.326,36046.938,3963.054,1,CoinBig_C,,,,
coinStash,25673.611,35070.457,1677.054,1,CoinBig_C,,,,
coinStash,25337.084,34101.035,1659.054,1,CoinBig_C,,,,
coinStash,29214.123,7564.027,8457.788,1,CoinBig_C,,,,
coinStash,-40483.324,42455.711,1003.55,1,CoinBig_C,,,,
coinStash,8751.985,-418.098,3681.636,1,CoinBig_C,,,,
coinStash,-53094.512,-44433.035,2186.373,1,CoinBig_C,,,,
coinBrick,24045.523,-20688.553,-413.385,1,PhysicalCoin_C,,,,
grave_volcano,3809,3456,,,,
grave_volcano,-1963,4617,,,,
grave_volcano,-3000,-2653,,,,
grave_volcano,2789,-1363,,,,
grave_volcano,7777,-12504,,,,
grave_volcano,7603,-16783,,,,
grave_volcano,24062,-30607,,,,
grave_volcano,24126,-22147,,,,
grave_volcano,3505,-26594,,,,
grave_volcano,-22218,25312,,,,
grave_volcano,-22654,22896,,,,
grave_volcano,-21752,28205,,,,
grave_volcano,-16659,21000,,,,
grave_volcano,-10815,14615,,,,
grave_volcano,-54307,43231,,,,
grave_volcano,-55452,43830,,,,
grave_volcano,-26464,-14648,,,,
grave_volcano,-38854,-23492,,,,
grave_volcano,-37088,-29861,,,,
grave_volcano,-24156,-12703,,,,
grave_volcano,-15701,-25588,,,,
grave_volcano,-15874,-24497,,,,
grave_volcano,-4639,-20872,,,,
grave_volcano,-4309,-14187,,,,
grave_volcano,-5236,-12176,,,,
grave_volcano,-11596,-48829,,,,
grave_volcano,-13736,-49796,,,,
grave_volcano,-11504,-45082,,,,
grave_volcano,-11013,-44641,,,,
grave_volcano,-9841,-43751,,,,
grave_volcano,-24724,-42709,,,,
grave_volcano,13831,-8307,,,,
grave_volcano,-29484,55243,,,,
grave_volcano,-29507,53768,,,,
grave_volcano,-30413,53343,,,,
grave_volcano,-17691,29753,,,,
grave_volcano,-24693,45899,,,,
grave_volcano,-21953,46189,,,,
grave_volcano,-24468,46264,,,,
grave_volcano,-40450,-45640,,,,
grave_volcano,-39680,-47550,,,,
grave_volcano,36621,-1386,,,,
grave_volcano,-47250,58096,,,,
grave_volcano,-52164,56557,,,,
grave_volcano,-65106,53236,,,,
grave_volcano,-60239,49421,,,,
grave_volcano,-59845,45193,,,,
grave_volcano,-59417,53282,,,,
grave_volcano,-39822,61778,,,,
grave_volcano,-39508,60805,,,,
grave_volcano,-54288,49619,,,,
grave_volcano,72199,33427,,,,
grave_volcano,49106,11295,,,,
grave_volcano,45312,8865,,,,
grave_volcano,74996,38318,,,,
grave_volcano,74864,35063,,,,
grave_volcano,72238,30508,,,,
grave_volcano,38245,-1968,,,,
grave_volcano,42964,-5491,,,,
grave_volcano,43664,-5768,,,,
grave_volcano,50521,-739,,,,
grave_volcano,35299,-3077,,,,
grave_volcano,-53764,45836,,,,
grave_volcano,17778,1178,,,,
grave_volcano,51634,932,,,,
grave_volcano,14156,2339,,,,
grave_volcano,46938,9623,,,,
grave_stone,-11553,-43269,,,,
grave_stone,-14300,-44966,,,,
grave_stone,-16934,-47131,,,,
grave_stone,-23075,-44346,,,,
grave_stone,-18906,-39751,,,,
grave_stone,-14261,-49543,,,,
grave_stone,-13104,-50715,,,,
grave_stone,22373,-33492,,,,
grave_stone,22679,-27384,,,,
grave_stone,-28376,27237,,,,
grave_stone,-28303,24327,,,,
grave_stone,-25332,24293,,,,
grave_stone,-22678,28516,,,,
grave_stone,-17127,17759,,,,
grave_stone,-7503,19195,,,,
grave_stone,-5915,24337,,,,
grave_stone,-62607,54636,,,,
grave_stone,-69762,56319,,,,
grave_stone,-67671,47498,,,,
grave_stone,-66172,51487,,,,
grave_stone,-58626,43252,,,,
grave_stone,-62853,41540,,,,
grave_stone,-54824,46907,,,,
grave_stone,-50102,49462,,,,
grave_stone,-21812,-24841,,,,
grave_stone,-24526,-33180,,,,
grave_stone,10047,-17439,,,,
grave_stone,-25192,-32972,,,,
grave_stone,-21438,-15896,,,,
grave_stone,-25565,-32137,,,,
grave_stone,-39633,-24672,,,,
grave_stone,-34732,-21945,,,,
grave_stone,-34130,-25804,,,,
grave_stone,-34497,-20916,,,,
grave_stone,-29650,-25474,,,,
grave_stone,-32966,-13010,,,,
grave_stone,4734,-2735,,,,
grave_stone,5084,-31421,,,,
grave_stone,8683,-27452,,,,
grave_stone,16656,-13286,,,,
grave_stone,9031,-12851,,,,
grave_stone,9290,-18589,,,,
grave_stone,19025,-1850,,,,
grave_stone,10675,1202,,,,
grave_stone,16402,682,,,,
grave_stone,1875,4523,,,,
grave_stone,1948,3700,,,,
grave_stone,-25829,-15492,,,,
grave_stone,-27733,-10761,,,,
grave_stone,28556,-32034,,,,
grave_stone,17503,-28112,,,,
grave_stone,17510,-22959,,,,
grave_stone,-8064,-259,,,,
grave_stone,-21876,-23884,,,,
grave_stone,-21903,-25778,,,,
grave_wood,23654,-28443,,,,
grave_wood,-19570,-18750,,,,
grave_wood,-19380,-18835,,,,
grave_wood,-23104,-16034,,,,
grave_wood,-18440,-47504,,,,
grave_wood,-10277,-47976,,,,
grave_wood,-18925,-44791,,,,
grave_wood,-20768,-46532,,,,
grave_wood,19756,-31670,,,,
grave_wood,7612,12018,,,,
grave_wood,16622,-30371,,,,
grave_wood,-8552,32176,,,,
grave_wood,17592,-22820,,,,
grave_wood,-6360,22079,,,,
grave_wood,-13619,17269,,,,
grave_wood,-14209,28156,,,,
grave_wood,-25018,30471,,,,
grave_wood,-28681,30180,,,,
grave_wood,13940,-17243,,,,
grave_wood,-68191,56098,,,,
grave_wood,-69770,50771,,,,
grave_wood,-67342,47574,,,,
grave_wood,13367,-14881,,,,
grave_wood,-59075,40489,,,,
grave_wood,-56006,42227,,,,
grave_wood,-52378,49457,,,,
grave_wood,-61059,52164,,,,
grave_wood,2406,-41399,,,,
grave_wood,2546,-41414,,,,
grave_wood,11643,-14109,,,,
grave_wood,4125,-28014,,,,
grave_wood,6216,-27095,,,,
grave_wood,8687,-13826,,,,
grave_wood,6851,-16257,,,,
grave_wood,10589,-19586,,,,
grave_wood,10425,-11332,,,,
grave_wood,15449,-9405,,,,
grave_wood,11105,-11760,,,,
grave_wood,12885,-15812,,,,
grave_wood,5015,-23184,,,,
grave_wood,8572,-27270,,,,
grave_wood,1117,-30818,,,,
grave_wood,1121,-28003,,,,
grave_wood,10714,-28059,,,,
grave_wood,2805,3110,,,,
grave_wood,-315,-29183,,,,
grave_wood,-825,4695,,,,
grave_wood,-8010,3425,,,,
grave_wood,-7100,-1115,,,,
grave_wood,-1285,-1865,,,,
grave_wood,-4875,-3845,,,,
grave_wood,2730,-4336,,,,
grave_wood,6380,-2525,,,,
grave_wood,7625,2930,,,,
grave_wood,15152,1023,,,,
grave_wood,17665,-491,,,,
grave_wood,6163,-30823,,,,
grave_wood,16556,519,,,,
grave_wood,12304,42,,,,
grave_wood,7555,11909,,,,
grave_wood,3691,-10861,,,,
grave_wood,-28230,-13380,,,,
grave_wood,-30293,-18559,,,,
grave_wood,-25081,-15233,,,,
grave_wood,-32192,-19050,,,,
grave_wood,3454,-25594,,,,
grave_wood,7701,12073,,,,
grave_wood,-38726,-22712,,,,
grave_wood,-35379,-21089,,,,
grave_wood,-33051,-14028,,,,
grave_wood,8873,-25415,,,,
grave_wood,-29997,-11160,,,,
grave_wood,21348,-24578,,,,
grave_wood,23214,-20195,,,,
grave_wood,-19273,-26603,,,,
grave_wood,-16383,-24019,,,,